{
  "aws": {
    "region": "us-east-1",
    "s3_bucket": "bb-adquirenciamdp-datastore-dev",
    "s3_input_prefix_fa_ca": "input-files/pagos_comercios/",
    "s3_input_prefix_op_ce": "input-files/operaciones_diarias/",
    "s3_bucket_salida": "bb-adquirenciamdp-archivosfinales-dev",
    "secret_arn": "arn:aws:secretsmanager:us-east-1:981631255281:secret:rds!cluster-2d848669-9279-4cef-b2d2-53f9ada196d4-fwtwSN",
    "MIN_FILE_SIZE": 1024
  },
  "application": {
    "log_level": "WARNING",
    "use_local_files": false,
    "keywords": [],
    "use_mysql_enrichment": true
  },
  "mysql": {
    "host": "dbadquimdp.cluster-cdumme5y6n1l.us-east-1.rds.amazonaws.com",
    "port": 5525,
    "database": "DB_TC_ODS"
  }
}