{
    "aws": {
      "region": "us-east-1",
      "s3_bucket": "bb-emisormdp-datastore",
      "s3_input_prefix_fa_ca": "input-files/pagos_comercios/",
      "s3_input_prefix_op_ce": "input-files/operaciones_diarias_consolidado/",
      "s3_bucket_salida": "bb-adquirenciamdp-archivosfinales-dev2",
      "secret_arn": "arn:aws:secretsmanager:us-east-1:308528169754:secret:bb-prueba-consolidado-8LkZrW",
      "MIN_FILE_SIZE": 1024, 
      "date_default": "2025-05-19"
    },
    "application": {
      "log_level": "WARNING",
      "use_local_files": false,
      "keywords": [],
      "use_mysql_enrichment": true
    },
    "mysql": {
      "host": "137.184.142.28",
      "port": 3311, 
      "database": "pruebaBanco"
    }
  }
  