{
 "Resources": {
  "mpgmssgenerarconsolidadopagocomercioPipelinedevC9854A0F": {
   "Type": "AWS::CodePipeline::Pipeline",
   "Properties": {
    "ArtifactStores": [
     {
      "ArtifactStore": {
       "EncryptionKey": {
        "Id": "arn:aws:kms:us-east-1:732624442759:key/dfb6c88b-62da-48d9-a67e-498b4eec262b",
        "Type": "KMS"
       },
       "Location": "bb-devops-artifact-center-cross-account",
       "Type": "S3"
      },
      "Region": "us-east-1"
     }
    ],
    "Name": "pipe-mpg-mss-generar-consolidado-pago-comercio-dev",
    "PipelineType": "V2",
    "RoleArn": "arn:aws:iam::732624442759:role/devops-serverless-executor-pipeline-rolcActnon-prod",
    "Stages": [
     {
      "Actions": [
       {
        "ActionTypeId": {
         "Category": "Source",
         "Owner": "AWS",
         "Provider": "CodeStarSourceConnection",
         "Version": "1"
        },
        "Configuration": {
         "ConnectionArn": "arn:aws:codeconnections:us-east-1:732624442759:connection/4b1331ec-029b-4bb1-ad57-4d13285feb97",
         "FullRepositoryId": "bb-core-medios-pagos/mpg-mss-generar-consolidado-pago-comercio",
         "BranchName": "develop"
        },
        "Name": "Source_Github_Serverless",
        "Namespace": "SourceVariables",
        "OutputArtifacts": [
         {
          "Name": "Artifact_Github-Source_Source_Github_Serverless"
         }
        ],
        "RoleArn": "arn:aws:iam::732624442759:role/devops-serverless-executor-pipeline-rolcActnon-prod",
        "RunOrder": 1
       }
      ],
      "Name": "Github-Source"
     },
     {
      "Actions": [
       {
        "ActionTypeId": {
         "Category": "Build",
         "Owner": "AWS",
         "Provider": "CodeBuild",
         "Version": "1"
        },
        "Configuration": {
         "ProjectName": "bb-devops-build-serverless",
         "EnvironmentVariables": "[{\"name\":\"STACKNAME_TARGET\",\"type\":\"PLAINTEXT\",\"value\":\"mpg-mss-generar-consolidado-pago-comercio\"},{\"name\":\"ACCOUNT_TARGET\",\"type\":\"PLAINTEXT\",\"value\":\"981631255281\"},{\"name\":\"REGION_TARGET\",\"type\":\"PLAINTEXT\",\"value\":\"us-east-1\"},{\"name\":\"BRANCH\",\"type\":\"PLAINTEXT\",\"value\":\"dev\"}]"
        },
        "InputArtifacts": [
         {
          "Name": "Artifact_Github-Source_Source_Github_Serverless"
         }
        ],
        "Name": "Build_Project_DEV",
        "OutputArtifacts": [
         {
          "Name": "Artifact_Build-Serverless_Build_Project_DEV"
         }
        ],
        "RoleArn": "arn:aws:iam::732624442759:role/devops-serverless-executor-pipeline-rolcActnon-prod",
        "RunOrder": 1
       }
      ],
      "Name": "Build-Serverless"
     },
     {
      "Actions": [
       {
        "ActionTypeId": {
         "Category": "Deploy",
         "Owner": "AWS",
         "Provider": "CloudFormation",
         "Version": "1"
        },
        "Configuration": {
         "StackName": "mpg-mss-generar-consolidado-pago-comercio-dev",
         "Capabilities": "CAPABILITY_NAMED_IAM",
         "RoleArn": "arn:aws:iam::981631255281:role/devops-deployment-role",
         "ActionMode": "CREATE_UPDATE",
         "TemplatePath": "Artifact_Build-Serverless_Build_Project_DEV::mpg-mss-generar-consolidado-pago-comercio-dev.template.json"
        },
        "InputArtifacts": [
         {
          "Name": "Artifact_Build-Serverless_Build_Project_DEV"
         }
        ],
        "Name": "Cross_Account_East_DEV",
        "Region": "us-east-1",
        "RoleArn": "arn:aws:iam::981631255281:role/devops-switch-role",
        "RunOrder": 1
       }
      ],
      "Name": "Deploy-Serverless"
     }
    ],
    "Tags": [
     {
      "Key": "tipo",
      "Value": "serverless"
     }
    ]
   },
   "Metadata": {
    "aws:cdk:path": "cdk-mpg-mss-generar-consolidado-pago-comercio-stack/mpg-mss-generar-consolidado-pago-comercioPipeline-dev/Resource"
   }
  },
  "mpgmssgenerarconsolidadopagocomercioPipelinerel30809466": {
   "Type": "AWS::CodePipeline::Pipeline",
   "Properties": {
    "ArtifactStores": [
     {
      "ArtifactStore": {
       "EncryptionKey": {
        "Id": "arn:aws:kms:us-east-1:732624442759:key/dfb6c88b-62da-48d9-a67e-498b4eec262b",
        "Type": "KMS"
       },
       "Location": "bb-devops-artifact-center-cross-account",
       "Type": "S3"
      },
      "Region": "us-east-1"
     }
    ],
    "Name": "pipe-mpg-mss-generar-consolidado-pago-comercio-rel",
    "PipelineType": "V2",
    "RoleArn": "arn:aws:iam::732624442759:role/devops-serverless-executor-pipeline-rolcActnon-prod",
    "Stages": [
     {
      "Actions": [
       {
        "ActionTypeId": {
         "Category": "Source",
         "Owner": "AWS",
         "Provider": "CodeStarSourceConnection",
         "Version": "1"
        },
        "Configuration": {
         "ConnectionArn": "arn:aws:codeconnections:us-east-1:732624442759:connection/4b1331ec-029b-4bb1-ad57-4d13285feb97",
         "FullRepositoryId": "bb-core-medios-pagos/mpg-mss-generar-consolidado-pago-comercio",
         "BranchName": "release",
         "OutputArtifactFormat": "CODEBUILD_CLONE_REF"
        },
        "Name": "Source_Github_Serverless",
        "Namespace": "SourceVariables",
        "OutputArtifacts": [
         {
          "Name": "Artifact_Github-Source_Source_Github_Serverless"
         }
        ],
        "RoleArn": "arn:aws:iam::732624442759:role/devops-serverless-executor-pipeline-rolcActnon-prod",
        "RunOrder": 1
       }
      ],
      "Name": "Github-Source"
     },
     {
      "Actions": [
       {
        "ActionTypeId": {
         "Category": "Build",
         "Owner": "AWS",
         "Provider": "CodeBuild",
         "Version": "1"
        },
        "Configuration": {
         "ProjectName": "bb-devops-unit-test-typescript",
         "EnvironmentVariables": "[{\"name\":\"GROUP_CODE\",\"type\":\"PLAINTEXT\",\"value\":\"MPG\"},{\"name\":\"GROUP_TEAM\",\"type\":\"PLAINTEXT\",\"value\":\"Medios de Pago\"},{\"name\":\"ENVIAR_JIRA\",\"type\":\"PLAINTEXT\",\"value\":\"false\"},{\"name\":\"NOTIFICATION_MAIL_TO\",\"type\":\"PLAINTEXT\",\"value\":\"aproanoa@bolivariano.com,cvalleja@bolivariano.com,cveintea@bolivariano.com,fpazming@bolivariano.com,lfloreno@bolivariano.com,lsanchez@bolivariano.com,plopez@bolivariano.com,wlopez@bolivariano.com,ysanches@bolivariano.com,ccoronec@bolivariano.com,pbajanav@bolivariano.com,csanchec@bolivariano.com\"}]"
        },
        "InputArtifacts": [
         {
          "Name": "Artifact_Github-Source_Source_Github_Serverless"
         }
        ],
        "Name": "UnitTest_TypeScript_Micro",
        "RoleArn": "arn:aws:iam::732624442759:role/devops-serverless-executor-pipeline-rolcActnon-prod",
        "RunOrder": 1
       },
       {
        "ActionTypeId": {
         "Category": "Build",
         "Owner": "AWS",
         "Provider": "CodeBuild",
         "Version": "1"
        },
        "Configuration": {
         "ProjectName": "dvops-common-qualitysonar-serverless",
         "EnvironmentVariables": "[{\"name\":\"GROUP_CODE\",\"type\":\"PLAINTEXT\",\"value\":\"MPG\"},{\"name\":\"GROUP_TEAM\",\"type\":\"PLAINTEXT\",\"value\":\"Medios de Pago\"},{\"name\":\"ENVIAR_JIRA\",\"type\":\"PLAINTEXT\",\"value\":\"false\"},{\"name\":\"NOTIFICATION_MAIL_TO\",\"type\":\"PLAINTEXT\",\"value\":\"aproanoa@bolivariano.com,cvalleja@bolivariano.com,cveintea@bolivariano.com,fpazming@bolivariano.com,lfloreno@bolivariano.com,lsanchez@bolivariano.com,plopez@bolivariano.com,wlopez@bolivariano.com,ysanches@bolivariano.com,ccoronec@bolivariano.com,pbajanav@bolivariano.com,csanchec@bolivariano.com\"}]"
        },
        "InputArtifacts": [
         {
          "Name": "Artifact_Github-Source_Source_Github_Serverless"
         }
        ],
        "Name": "Sonar_TypeScript_Micro",
        "RoleArn": "arn:aws:iam::732624442759:role/devops-serverless-executor-pipeline-rolcActnon-prod",
        "RunOrder": 1
       }
      ],
      "Name": "Quality-Micro"
     },
     {
      "Actions": [
       {
        "ActionTypeId": {
         "Category": "Build",
         "Owner": "AWS",
         "Provider": "CodeBuild",
         "Version": "1"
        },
        "Configuration": {
         "ProjectName": "bb-devops-build-serverless",
         "EnvironmentVariables": "[{\"name\":\"STACKNAME_TARGET\",\"type\":\"PLAINTEXT\",\"value\":\"mpg-mss-generar-consolidado-pago-comercio\"},{\"name\":\"ACCOUNT_TARGET\",\"type\":\"PLAINTEXT\",\"value\":\"981631255281\"},{\"name\":\"REGION_TARGET\",\"type\":\"PLAINTEXT\",\"value\":\"us-east-1\"},{\"name\":\"BRANCH\",\"type\":\"PLAINTEXT\",\"value\":\"pre\"}]"
        },
        "InputArtifacts": [
         {
          "Name": "Artifact_Github-Source_Source_Github_Serverless"
         }
        ],
        "Name": "Build_Project_REL",
        "OutputArtifacts": [
         {
          "Name": "Artifact_Build-Serverless_Build_Project_REL"
         }
        ],
        "RoleArn": "arn:aws:iam::732624442759:role/devops-serverless-executor-pipeline-rolcActnon-prod",
        "RunOrder": 1
       }
      ],
      "Name": "Build-Serverless"
     },
     {
      "Actions": [
       {
        "ActionTypeId": {
         "Category": "Build",
         "Owner": "AWS",
         "Provider": "CodeBuild",
         "Version": "1"
        },
        "Configuration": {
         "ProjectName": "bb-devops-security-veracode",
         "EnvironmentVariables": "[{\"name\":\"APPNAME\",\"type\":\"PLAINTEXT\",\"value\":\"MEDIOS DE PAGO\"},{\"name\":\"AUTH_ID\",\"type\":\"SECRETS_MANAGER\",\"value\":\"veracode-auth-mpg:id\"},{\"name\":\"AUTH_SECRET\",\"type\":\"SECRETS_MANAGER\",\"value\":\"veracode-auth-mpg:secret\"},{\"name\":\"TYPE\",\"type\":\"PLAINTEXT\",\"value\":\"SERVERLESS\"},{\"name\":\"GROUP_CODE\",\"type\":\"PLAINTEXT\",\"value\":\"MPG\"},{\"name\":\"ENVIAR_JIRA\",\"type\":\"PLAINTEXT\",\"value\":\"false\"},{\"name\":\"COMMIT_MESSAGE\",\"type\":\"PLAINTEXT\",\"value\":\"#{SourceVariables.CommitMessage}\"},{\"name\":\"COMMIT_AUTHOR\",\"type\":\"PLAINTEXT\",\"value\":\"#{SourceVariables.AuthorId}\"},{\"name\":\"COMMIT_ID\",\"type\":\"PLAINTEXT\",\"value\":\"#{SourceVariables.CommitId}\"}]"
        },
        "InputArtifacts": [
         {
          "Name": "Artifact_Build-Serverless_Build_Project_REL"
         }
        ],
        "Name": "Veracode_Micro",
        "RoleArn": "arn:aws:iam::732624442759:role/devops-serverless-executor-pipeline-rolcActnon-prod",
        "RunOrder": 1
       },
       {
        "ActionTypeId": {
         "Category": "Build",
         "Owner": "AWS",
         "Provider": "CodeBuild",
         "Version": "1"
        },
        "Configuration": {
         "ProjectName": "bb-devops-security-prismacloud",
         "EnvironmentVariables": "[{\"name\":\"TYPE\",\"type\":\"PLAINTEXT\",\"value\":\"SERVERLESS\"},{\"name\":\"GROUP_CODE\",\"type\":\"PLAINTEXT\",\"value\":\"MPG\"},{\"name\":\"ENVIAR_JIRA\",\"type\":\"PLAINTEXT\",\"value\":\"false\"},{\"name\":\"COMMIT_MESSAGE\",\"type\":\"PLAINTEXT\",\"value\":\"#{SourceVariables.CommitMessage}\"},{\"name\":\"COMMIT_AUTHOR\",\"type\":\"PLAINTEXT\",\"value\":\"#{SourceVariables.AuthorId}\"},{\"name\":\"COMMIT_ID\",\"type\":\"PLAINTEXT\",\"value\":\"#{SourceVariables.CommitId}\"}]"
        },
        "InputArtifacts": [
         {
          "Name": "Artifact_Build-Serverless_Build_Project_REL"
         }
        ],
        "Name": "Prisma_Micro",
        "RoleArn": "arn:aws:iam::732624442759:role/devops-serverless-executor-pipeline-rolcActnon-prod",
        "RunOrder": 1
       }
      ],
      "Name": "Security-Micro"
     },
     {
      "Actions": [
       {
        "ActionTypeId": {
         "Category": "Deploy",
         "Owner": "AWS",
         "Provider": "CloudFormation",
         "Version": "1"
        },
        "Configuration": {
         "StackName": "mpg-mss-generar-consolidado-pago-comercio-pre",
         "Capabilities": "CAPABILITY_NAMED_IAM",
         "RoleArn": "arn:aws:iam::981631255281:role/devops-deployment-role",
         "ActionMode": "CREATE_UPDATE",
         "TemplatePath": "Artifact_Build-Serverless_Build_Project_REL::mpg-mss-generar-consolidado-pago-comercio-pre.template.json"
        },
        "InputArtifacts": [
         {
          "Name": "Artifact_Build-Serverless_Build_Project_REL"
         }
        ],
        "Name": "Cross_Account_East_REL",
        "Region": "us-east-1",
        "RoleArn": "arn:aws:iam::981631255281:role/devops-switch-role",
        "RunOrder": 1
       }
      ],
      "Name": "Deploy-Serverless"
     },
     {
      "Actions": [
       {
        "ActionTypeId": {
         "Category": "Build",
         "Owner": "AWS",
         "Provider": "CodeBuild",
         "Version": "1"
        },
        "Configuration": {
         "ProjectName": "bb-devops-integration-test-typescript",
         "EnvironmentVariables": "[{\"name\":\"GROUP_CODE\",\"type\":\"PLAINTEXT\",\"value\":\"MPG\"},{\"name\":\"GROUP_TEAM\",\"type\":\"PLAINTEXT\",\"value\":\"Medios de Pago\"},{\"name\":\"ENVIAR_JIRA\",\"type\":\"PLAINTEXT\",\"value\":\"false\"},{\"name\":\"INTEGRATION_WORKDIR\",\"type\":\"PLAINTEXT\",\"value\":\"Integracion/MPG/mpg-mss-generar-consolidado-pago-comercio\"},{\"name\":\"NOTIFICATION_MAIL_TO\",\"type\":\"PLAINTEXT\",\"value\":\"aproanoa@bolivariano.com,cvalleja@bolivariano.com,cveintea@bolivariano.com,fpazming@bolivariano.com,lfloreno@bolivariano.com,lsanchez@bolivariano.com,plopez@bolivariano.com,wlopez@bolivariano.com,ysanches@bolivariano.com,ccoronec@bolivariano.com,pbajanav@bolivariano.com,csanchec@bolivariano.com\"}]"
        },
        "InputArtifacts": [
         {
          "Name": "Artifact_Github-Source_Source_Github_Serverless"
         }
        ],
        "Name": "Integration_Micro",
        "RoleArn": "arn:aws:iam::732624442759:role/devops-serverless-executor-pipeline-rolcActnon-prod",
        "RunOrder": 1
       },
       {
        "ActionTypeId": {
         "Category": "Build",
         "Owner": "AWS",
         "Provider": "CodeBuild",
         "Version": "1"
        },
        "Configuration": {
         "ProjectName": "bb-devops-stress-test-typescript",
         "EnvironmentVariables": "[{\"name\":\"GROUP_CODE\",\"type\":\"PLAINTEXT\",\"value\":\"MPG\"},{\"name\":\"GROUP_TEAM\",\"type\":\"PLAINTEXT\",\"value\":\"Medios de Pago\"},{\"name\":\"ENVIAR_JIRA\",\"type\":\"PLAINTEXT\",\"value\":\"false\"},{\"name\":\"NOTIFICATION_MAIL_TO\",\"type\":\"PLAINTEXT\",\"value\":\"aproanoa@bolivariano.com,cvalleja@bolivariano.com,cveintea@bolivariano.com,fpazming@bolivariano.com,lfloreno@bolivariano.com,lsanchez@bolivariano.com,plopez@bolivariano.com,wlopez@bolivariano.com,ysanches@bolivariano.com,ccoronec@bolivariano.com,pbajanav@bolivariano.com,csanchec@bolivariano.com\"},{\"name\":\"PERFOMANCE_WORKDIR\",\"type\":\"PLAINTEXT\",\"value\":\"Rendimiento/MPG/mpg-mss-generar-consolidado-pago-comercio\"}]"
        },
        "InputArtifacts": [
         {
          "Name": "Artifact_Github-Source_Source_Github_Serverless"
         }
        ],
        "Name": "Stress_Load_Micro",
        "RoleArn": "arn:aws:iam::732624442759:role/devops-serverless-executor-pipeline-rolcActnon-prod",
        "RunOrder": 2
       }
      ],
      "Name": "Perfomance-Micro"
     }
    ],
    "Tags": [
     {
      "Key": "tipo",
      "Value": "serverless"
     }
    ]
   },
   "Metadata": {
    "aws:cdk:path": "cdk-mpg-mss-generar-consolidado-pago-comercio-stack/mpg-mss-generar-consolidado-pago-comercioPipeline-rel/Resource"
   }
  },
  "CDKMetadata": {
   "Type": "AWS::CDK::Metadata",
   "Properties": {
    "Analytics": "v2:deflate64:H4sIAAAAAAAA/zXHQQ7CIBBA0bN0DyNgvEA9gKY9gEEYkykVSAfsgnB3Y9TVf9+AURrUYHeWzge50h3aXKwLYkJOdXMo7M63xkcYqwtYRssoXPKYKeNKEaFdfxLnR/y7989dasm1dBGTR1j48DIK9An0sDCR3Gos9ESYvn0DaLovpYwAAAA="
   },
   "Metadata": {
    "aws:cdk:path": "cdk-mpg-mss-generar-consolidado-pago-comercio-stack/CDKMetadata/Default"
   }
  }
 },
 "Outputs": {
  "pipelinempgmssgenerarconsolidadopagocomerciodevout1": {
   "Value": {
    "Fn::Join": [
     "",
     [
      "arn:aws:codepipeline:us-east-1:732624442759:",
      {
       "Ref": "mpgmssgenerarconsolidadopagocomercioPipelinedevC9854A0F"
      }
     ]
    ]
   }
  },
  "pipelinempgmssgenerarconsolidadopagocomerciorelout2": {
   "Value": {
    "Fn::Join": [
     "",
     [
      "arn:aws:codepipeline:us-east-1:732624442759:",
      {
       "Ref": "mpgmssgenerarconsolidadopagocomercioPipelinerel30809466"
      }
     ]
    ]
   }
  },
  "outmpgmssgenerarconsolidadopagocomerciopipe": {
   "Value": "cdk-mpg-mss-generar-consolidado-pago-comercio-stack"
  }
 },
 "Parameters": {
  "BootstrapVersion": {
   "Type": "AWS::SSM::Parameter::Value<String>",
   "Default": "/cdk-bootstrap/hnb659fds/version",
   "Description": "Version of the CDK Bootstrap resources in this environment, automatically retrieved from SSM Parameter Store. [cdk:skip]"
  }
 },
 "Rules": {
  "CheckBootstrapVersion": {
   "Assertions": [
    {
     "Assert": {
      "Fn::Not": [
       {
        "Fn::Contains": [
         [
          "1",
          "2",
          "3",
          "4",
          "5"
         ],
         {
          "Ref": "BootstrapVersion"
         }
        ]
       }
      ]
     },
     "AssertDescription": "CDK bootstrap stack version 6 required. Please run 'cdk bootstrap' with a recent version of the CDK CLI."
    }
   ]
  }
 }
}