{
  "version": "44.0.0",
  "files": {
    "33021967b3b67cbf2de77e9b2786c47ad3263c9abc09ae3630f3e0921948b40c": {
      "displayName": "cdk-mpg-mss-generar-consolidado-pago-comercio-stack Template",
      "source": {
        "path": "cdk-mpg-mss-generar-consolidado-pago-comercio-stack.template.json",
        "packaging": "file"
      },
      "destinations": {
        "732624442759-us-east-1": {
          "bucketName": "cdk-hnb659fds-assets-732624442759-us-east-1",
          "objectKey": "33021967b3b67cbf2de77e9b2786c47ad3263c9abc09ae3630f3e0921948b40c.json",
          "region": "us-east-1",
          "assumeRoleArn": "arn:${AWS::Partition}:iam::732624442759:role/cdk-hnb659fds-file-publishing-role-732624442759-us-east-1"
        }
      }
    }
  },
  "dockerImages": {}
}