{"version":"tree-0.1","tree":{"id":"App","path":"","constructInfo":{"fqn":"aws-cdk-lib.App","version":"2.201.0"},"children":{"cdk-mpg-mss-generar-consolidado-pago-comercio-stack":{"id":"cdk-mpg-mss-generar-consolidado-pago-comercio-stack","path":"cdk-mpg-mss-generar-consolidado-pago-comercio-stack","constructInfo":{"fqn":"aws-cdk-lib.Stack","version":"2.201.0"},"children":{"BucketKmsKeyId":{"id":"BucketKmsKeyId","path":"cdk-mpg-mss-generar-consolidado-pago-comercio-stack/BucketKmsKeyId","constructInfo":{"fqn":"aws-cdk-lib.Resource","version":"2.201.0","metadata":[]}},"DevopsArtifactsBucket":{"id":"DevopsArtifactsBucket","path":"cdk-mpg-mss-generar-consolidado-pago-comercio-stack/DevopsArtifactsBucket","constructInfo":{"fqn":"aws-cdk-lib.aws_s3.BucketBase","version":"2.201.0","metadata":[]}},"MutableRoleundefined-pipeline-role":{"id":"MutableRoleundefined-pipeline-role","path":"cdk-mpg-mss-generar-consolidado-pago-comercio-stack/MutableRoleundefined-pipeline-role","constructInfo":{"fqn":"aws-cdk-lib.Resource","version":"2.201.0","metadata":[]}},"undefined-pipeline-role":{"id":"undefined-pipeline-role","path":"cdk-mpg-mss-generar-consolidado-pago-comercio-stack/undefined-pipeline-role","constructInfo":{"fqn":"aws-cdk-lib.Resource","version":"2.201.0","metadata":[]}},"MutableRoleundefined-eventsrules-role":{"id":"MutableRoleundefined-eventsrules-role","path":"cdk-mpg-mss-generar-consolidado-pago-comercio-stack/MutableRoleundefined-eventsrules-role","constructInfo":{"fqn":"aws-cdk-lib.Resource","version":"2.201.0","metadata":[]}},"undefined-eventsrules-role":{"id":"undefined-eventsrules-role","path":"cdk-mpg-mss-generar-consolidado-pago-comercio-stack/undefined-eventsrules-role","constructInfo":{"fqn":"aws-cdk-lib.Resource","version":"2.201.0","metadata":[]}},"mpg-mss-generar-consolidado-pago-comercioRepository-Dev":{"id":"mpg-mss-generar-consolidado-pago-comercioRepository-Dev","path":"cdk-mpg-mss-generar-consolidado-pago-comercio-stack/mpg-mss-generar-consolidado-pago-comercioRepository-Dev","constructInfo":{"fqn":"aws-cdk-lib.Resource","version":"2.201.0","metadata":[]}},"mpg-mss-generar-consolidado-pago-comercioPipeline-dev":{"id":"mpg-mss-generar-consolidado-pago-comercioPipeline-dev","path":"cdk-mpg-mss-generar-consolidado-pago-comercio-stack/mpg-mss-generar-consolidado-pago-comercioPipeline-dev","constructInfo":{"fqn":"aws-cdk-lib.aws_codepipeline.Pipeline","version":"2.201.0","metadata":[]},"children":{"Resource":{"id":"Resource","path":"cdk-mpg-mss-generar-consolidado-pago-comercio-stack/mpg-mss-generar-consolidado-pago-comercioPipeline-dev/Resource","constructInfo":{"fqn":"aws-cdk-lib.aws_codepipeline.CfnPipeline","version":"2.201.0"},"attributes":{"aws:cdk:cloudformation:type":"AWS::CodePipeline::Pipeline","aws:cdk:cloudformation:props":{"artifactStores":[{"region":"us-east-1","artifactStore":{"type":"S3","location":"bb-devops-artifact-center-cross-account","encryptionKey":{"type":"KMS","id":"arn:aws:kms:us-east-1:732624442759:key/dfb6c88b-62da-48d9-a67e-498b4eec262b"}}}],"name":"pipe-mpg-mss-generar-consolidado-pago-comercio-dev","pipelineType":"V2","roleArn":"arn:aws:iam::732624442759:role/devops-serverless-executor-pipeline-rolcActnon-prod","stages":[{"name":"Github-Source","actions":[{"name":"Source_Github_Serverless","outputArtifacts":[{"name":"Artifact_Github-Source_Source_Github_Serverless"}],"actionTypeId":{"category":"Source","version":"1","owner":"AWS","provider":"CodeStarSourceConnection"},"configuration":{"ConnectionArn":"arn:aws:codeconnections:us-east-1:732624442759:connection/4b1331ec-029b-4bb1-ad57-4d13285feb97","FullRepositoryId":"bb-core-medios-pagos/mpg-mss-generar-consolidado-pago-comercio","BranchName":"develop"},"runOrder":1,"roleArn":"arn:aws:iam::732624442759:role/devops-serverless-executor-pipeline-rolcActnon-prod","namespace":"SourceVariables"}]},{"name":"Build-Serverless","actions":[{"name":"Build_Project_DEV","inputArtifacts":[{"name":"Artifact_Github-Source_Source_Github_Serverless"}],"outputArtifacts":[{"name":"Artifact_Build-Serverless_Build_Project_DEV"}],"actionTypeId":{"category":"Build","version":"1","owner":"AWS","provider":"CodeBuild"},"configuration":{"ProjectName":"bb-devops-build-serverless","EnvironmentVariables":"[{\"name\":\"STACKNAME_TARGET\",\"type\":\"PLAINTEXT\",\"value\":\"mpg-mss-generar-consolidado-pago-comercio\"},{\"name\":\"ACCOUNT_TARGET\",\"type\":\"PLAINTEXT\",\"value\":\"981631255281\"},{\"name\":\"REGION_TARGET\",\"type\":\"PLAINTEXT\",\"value\":\"us-east-1\"},{\"name\":\"BRANCH\",\"type\":\"PLAINTEXT\",\"value\":\"dev\"}]"},"runOrder":1,"roleArn":"arn:aws:iam::732624442759:role/devops-serverless-executor-pipeline-rolcActnon-prod"}]},{"name":"Deploy-Serverless","actions":[{"name":"Cross_Account_East_DEV","inputArtifacts":[{"name":"Artifact_Build-Serverless_Build_Project_DEV"}],"actionTypeId":{"category":"Deploy","version":"1","owner":"AWS","provider":"CloudFormation"},"configuration":{"StackName":"mpg-mss-generar-consolidado-pago-comercio-dev","Capabilities":"CAPABILITY_NAMED_IAM","RoleArn":"arn:aws:iam::981631255281:role/devops-deployment-role","ActionMode":"CREATE_UPDATE","TemplatePath":"Artifact_Build-Serverless_Build_Project_DEV::mpg-mss-generar-consolidado-pago-comercio-dev.template.json"},"runOrder":1,"roleArn":"arn:aws:iam::981631255281:role/devops-switch-role","region":"us-east-1"}]}],"tags":[{"key":"tipo","value":"serverless"}]}}},"Github-Source":{"id":"Github-Source","path":"cdk-mpg-mss-generar-consolidado-pago-comercio-stack/mpg-mss-generar-consolidado-pago-comercioPipeline-dev/Github-Source","constructInfo":{"fqn":"constructs.Construct","version":"10.4.2"},"children":{"Source_Github_Serverless":{"id":"Source_Github_Serverless","path":"cdk-mpg-mss-generar-consolidado-pago-comercio-stack/mpg-mss-generar-consolidado-pago-comercioPipeline-dev/Github-Source/Source_Github_Serverless","constructInfo":{"fqn":"constructs.Construct","version":"10.4.2"}}}},"Build-Serverless":{"id":"Build-Serverless","path":"cdk-mpg-mss-generar-consolidado-pago-comercio-stack/mpg-mss-generar-consolidado-pago-comercioPipeline-dev/Build-Serverless","constructInfo":{"fqn":"constructs.Construct","version":"10.4.2"},"children":{"Build_Project_DEV":{"id":"Build_Project_DEV","path":"cdk-mpg-mss-generar-consolidado-pago-comercio-stack/mpg-mss-generar-consolidado-pago-comercioPipeline-dev/Build-Serverless/Build_Project_DEV","constructInfo":{"fqn":"constructs.Construct","version":"10.4.2"}}}},"Deploy-Serverless":{"id":"Deploy-Serverless","path":"cdk-mpg-mss-generar-consolidado-pago-comercio-stack/mpg-mss-generar-consolidado-pago-comercioPipeline-dev/Deploy-Serverless","constructInfo":{"fqn":"constructs.Construct","version":"10.4.2"},"children":{"Cross_Account_East_DEV":{"id":"Cross_Account_East_DEV","path":"cdk-mpg-mss-generar-consolidado-pago-comercio-stack/mpg-mss-generar-consolidado-pago-comercioPipeline-dev/Deploy-Serverless/Cross_Account_East_DEV","constructInfo":{"fqn":"constructs.Construct","version":"10.4.2"}}}}}},"mpg-mss-generar-consolidado-pago-comercioSynthCdkProject":{"id":"mpg-mss-generar-consolidado-pago-comercioSynthCdkProject","path":"cdk-mpg-mss-generar-consolidado-pago-comercio-stack/mpg-mss-generar-consolidado-pago-comercioSynthCdkProject","constructInfo":{"fqn":"aws-cdk-lib.Resource","version":"2.201.0","metadata":[]}},"MutableRolempg-mss-generar-consolidado-pago-comercio-dev-deploy-role":{"id":"MutableRolempg-mss-generar-consolidado-pago-comercio-dev-deploy-role","path":"cdk-mpg-mss-generar-consolidado-pago-comercio-stack/MutableRolempg-mss-generar-consolidado-pago-comercio-dev-deploy-role","constructInfo":{"fqn":"aws-cdk-lib.Resource","version":"2.201.0","metadata":[]}},"mpg-mss-generar-consolidado-pago-comercio-dev-deploy-role":{"id":"mpg-mss-generar-consolidado-pago-comercio-dev-deploy-role","path":"cdk-mpg-mss-generar-consolidado-pago-comercio-stack/mpg-mss-generar-consolidado-pago-comercio-dev-deploy-role","constructInfo":{"fqn":"aws-cdk-lib.Resource","version":"2.201.0","metadata":[]}},"MutableRolempg-mss-generar-consolidado-pago-comercio-dev-action-role":{"id":"MutableRolempg-mss-generar-consolidado-pago-comercio-dev-action-role","path":"cdk-mpg-mss-generar-consolidado-pago-comercio-stack/MutableRolempg-mss-generar-consolidado-pago-comercio-dev-action-role","constructInfo":{"fqn":"aws-cdk-lib.Resource","version":"2.201.0","metadata":[]}},"mpg-mss-generar-consolidado-pago-comercio-dev-action-role":{"id":"mpg-mss-generar-consolidado-pago-comercio-dev-action-role","path":"cdk-mpg-mss-generar-consolidado-pago-comercio-stack/mpg-mss-generar-consolidado-pago-comercio-dev-action-role","constructInfo":{"fqn":"aws-cdk-lib.Resource","version":"2.201.0","metadata":[]},"children":{"8389e75f-0810-4838-bf64-d6f85a95cf83":{"id":"8389e75f-0810-4838-bf64-d6f85a95cf83","path":"cdk-mpg-mss-generar-consolidado-pago-comercio-stack/mpg-mss-generar-consolidado-pago-comercio-dev-action-role/8389e75f-0810-4838-bf64-d6f85a95cf83","constructInfo":{"fqn":"constructs.Construct","version":"10.4.2"}}}},"pipeline-mpg-mss-generar-consolidado-pago-comercio-dev-out-1":{"id":"pipeline-mpg-mss-generar-consolidado-pago-comercio-dev-out-1","path":"cdk-mpg-mss-generar-consolidado-pago-comercio-stack/pipeline-mpg-mss-generar-consolidado-pago-comercio-dev-out-1","constructInfo":{"fqn":"aws-cdk-lib.CfnOutput","version":"2.201.0"}},"mpg-mss-generar-consolidado-pago-comercioRepository-rel":{"id":"mpg-mss-generar-consolidado-pago-comercioRepository-rel","path":"cdk-mpg-mss-generar-consolidado-pago-comercio-stack/mpg-mss-generar-consolidado-pago-comercioRepository-rel","constructInfo":{"fqn":"aws-cdk-lib.Resource","version":"2.201.0","metadata":[]}},"mpg-mss-generar-consolidado-pago-comercioPipeline-rel":{"id":"mpg-mss-generar-consolidado-pago-comercioPipeline-rel","path":"cdk-mpg-mss-generar-consolidado-pago-comercio-stack/mpg-mss-generar-consolidado-pago-comercioPipeline-rel","constructInfo":{"fqn":"aws-cdk-lib.aws_codepipeline.Pipeline","version":"2.201.0","metadata":[]},"children":{"Resource":{"id":"Resource","path":"cdk-mpg-mss-generar-consolidado-pago-comercio-stack/mpg-mss-generar-consolidado-pago-comercioPipeline-rel/Resource","constructInfo":{"fqn":"aws-cdk-lib.aws_codepipeline.CfnPipeline","version":"2.201.0"},"attributes":{"aws:cdk:cloudformation:type":"AWS::CodePipeline::Pipeline","aws:cdk:cloudformation:props":{"artifactStores":[{"region":"us-east-1","artifactStore":{"type":"S3","location":"bb-devops-artifact-center-cross-account","encryptionKey":{"type":"KMS","id":"arn:aws:kms:us-east-1:732624442759:key/dfb6c88b-62da-48d9-a67e-498b4eec262b"}}}],"name":"pipe-mpg-mss-generar-consolidado-pago-comercio-rel","pipelineType":"V2","roleArn":"arn:aws:iam::732624442759:role/devops-serverless-executor-pipeline-rolcActnon-prod","stages":[{"name":"Github-Source","actions":[{"name":"Source_Github_Serverless","outputArtifacts":[{"name":"Artifact_Github-Source_Source_Github_Serverless"}],"actionTypeId":{"category":"Source","version":"1","owner":"AWS","provider":"CodeStarSourceConnection"},"configuration":{"ConnectionArn":"arn:aws:codeconnections:us-east-1:732624442759:connection/4b1331ec-029b-4bb1-ad57-4d13285feb97","FullRepositoryId":"bb-core-medios-pagos/mpg-mss-generar-consolidado-pago-comercio","BranchName":"release","OutputArtifactFormat":"CODEBUILD_CLONE_REF"},"runOrder":1,"roleArn":"arn:aws:iam::732624442759:role/devops-serverless-executor-pipeline-rolcActnon-prod","namespace":"SourceVariables"}]},{"name":"Quality-Micro","actions":[{"name":"UnitTest_TypeScript_Micro","inputArtifacts":[{"name":"Artifact_Github-Source_Source_Github_Serverless"}],"actionTypeId":{"category":"Build","version":"1","owner":"AWS","provider":"CodeBuild"},"configuration":{"ProjectName":"bb-devops-unit-test-typescript","EnvironmentVariables":"[{\"name\":\"GROUP_CODE\",\"type\":\"PLAINTEXT\",\"value\":\"MPG\"},{\"name\":\"GROUP_TEAM\",\"type\":\"PLAINTEXT\",\"value\":\"Medios de Pago\"},{\"name\":\"ENVIAR_JIRA\",\"type\":\"PLAINTEXT\",\"value\":\"false\"},{\"name\":\"NOTIFICATION_MAIL_TO\",\"type\":\"PLAINTEXT\",\"value\":\"aproanoa@bolivariano.com,cvalleja@bolivariano.com,cveintea@bolivariano.com,fpazming@bolivariano.com,lfloreno@bolivariano.com,lsanchez@bolivariano.com,plopez@bolivariano.com,wlopez@bolivariano.com,ysanches@bolivariano.com,ccoronec@bolivariano.com,pbajanav@bolivariano.com,csanchec@bolivariano.com\"}]"},"runOrder":1,"roleArn":"arn:aws:iam::732624442759:role/devops-serverless-executor-pipeline-rolcActnon-prod"},{"name":"Sonar_TypeScript_Micro","inputArtifacts":[{"name":"Artifact_Github-Source_Source_Github_Serverless"}],"actionTypeId":{"category":"Build","version":"1","owner":"AWS","provider":"CodeBuild"},"configuration":{"ProjectName":"dvops-common-qualitysonar-serverless","EnvironmentVariables":"[{\"name\":\"GROUP_CODE\",\"type\":\"PLAINTEXT\",\"value\":\"MPG\"},{\"name\":\"GROUP_TEAM\",\"type\":\"PLAINTEXT\",\"value\":\"Medios de Pago\"},{\"name\":\"ENVIAR_JIRA\",\"type\":\"PLAINTEXT\",\"value\":\"false\"},{\"name\":\"NOTIFICATION_MAIL_TO\",\"type\":\"PLAINTEXT\",\"value\":\"aproanoa@bolivariano.com,cvalleja@bolivariano.com,cveintea@bolivariano.com,fpazming@bolivariano.com,lfloreno@bolivariano.com,lsanchez@bolivariano.com,plopez@bolivariano.com,wlopez@bolivariano.com,ysanches@bolivariano.com,ccoronec@bolivariano.com,pbajanav@bolivariano.com,csanchec@bolivariano.com\"}]"},"runOrder":1,"roleArn":"arn:aws:iam::732624442759:role/devops-serverless-executor-pipeline-rolcActnon-prod"}]},{"name":"Build-Serverless","actions":[{"name":"Build_Project_REL","inputArtifacts":[{"name":"Artifact_Github-Source_Source_Github_Serverless"}],"outputArtifacts":[{"name":"Artifact_Build-Serverless_Build_Project_REL"}],"actionTypeId":{"category":"Build","version":"1","owner":"AWS","provider":"CodeBuild"},"configuration":{"ProjectName":"bb-devops-build-serverless","EnvironmentVariables":"[{\"name\":\"STACKNAME_TARGET\",\"type\":\"PLAINTEXT\",\"value\":\"mpg-mss-generar-consolidado-pago-comercio\"},{\"name\":\"ACCOUNT_TARGET\",\"type\":\"PLAINTEXT\",\"value\":\"981631255281\"},{\"name\":\"REGION_TARGET\",\"type\":\"PLAINTEXT\",\"value\":\"us-east-1\"},{\"name\":\"BRANCH\",\"type\":\"PLAINTEXT\",\"value\":\"pre\"}]"},"runOrder":1,"roleArn":"arn:aws:iam::732624442759:role/devops-serverless-executor-pipeline-rolcActnon-prod"}]},{"name":"Security-Micro","actions":[{"name":"Veracode_Micro","inputArtifacts":[{"name":"Artifact_Build-Serverless_Build_Project_REL"}],"actionTypeId":{"category":"Build","version":"1","owner":"AWS","provider":"CodeBuild"},"configuration":{"ProjectName":"bb-devops-security-veracode","EnvironmentVariables":"[{\"name\":\"APPNAME\",\"type\":\"PLAINTEXT\",\"value\":\"MEDIOS DE PAGO\"},{\"name\":\"AUTH_ID\",\"type\":\"SECRETS_MANAGER\",\"value\":\"veracode-auth-mpg:id\"},{\"name\":\"AUTH_SECRET\",\"type\":\"SECRETS_MANAGER\",\"value\":\"veracode-auth-mpg:secret\"},{\"name\":\"TYPE\",\"type\":\"PLAINTEXT\",\"value\":\"SERVERLESS\"},{\"name\":\"GROUP_CODE\",\"type\":\"PLAINTEXT\",\"value\":\"MPG\"},{\"name\":\"ENVIAR_JIRA\",\"type\":\"PLAINTEXT\",\"value\":\"false\"},{\"name\":\"COMMIT_MESSAGE\",\"type\":\"PLAINTEXT\",\"value\":\"#{SourceVariables.CommitMessage}\"},{\"name\":\"COMMIT_AUTHOR\",\"type\":\"PLAINTEXT\",\"value\":\"#{SourceVariables.AuthorId}\"},{\"name\":\"COMMIT_ID\",\"type\":\"PLAINTEXT\",\"value\":\"#{SourceVariables.CommitId}\"}]"},"runOrder":1,"roleArn":"arn:aws:iam::732624442759:role/devops-serverless-executor-pipeline-rolcActnon-prod"},{"name":"Prisma_Micro","inputArtifacts":[{"name":"Artifact_Build-Serverless_Build_Project_REL"}],"actionTypeId":{"category":"Build","version":"1","owner":"AWS","provider":"CodeBuild"},"configuration":{"ProjectName":"bb-devops-security-prismacloud","EnvironmentVariables":"[{\"name\":\"TYPE\",\"type\":\"PLAINTEXT\",\"value\":\"SERVERLESS\"},{\"name\":\"GROUP_CODE\",\"type\":\"PLAINTEXT\",\"value\":\"MPG\"},{\"name\":\"ENVIAR_JIRA\",\"type\":\"PLAINTEXT\",\"value\":\"false\"},{\"name\":\"COMMIT_MESSAGE\",\"type\":\"PLAINTEXT\",\"value\":\"#{SourceVariables.CommitMessage}\"},{\"name\":\"COMMIT_AUTHOR\",\"type\":\"PLAINTEXT\",\"value\":\"#{SourceVariables.AuthorId}\"},{\"name\":\"COMMIT_ID\",\"type\":\"PLAINTEXT\",\"value\":\"#{SourceVariables.CommitId}\"}]"},"runOrder":1,"roleArn":"arn:aws:iam::732624442759:role/devops-serverless-executor-pipeline-rolcActnon-prod"}]},{"name":"Deploy-Serverless","actions":[{"name":"Cross_Account_East_REL","inputArtifacts":[{"name":"Artifact_Build-Serverless_Build_Project_REL"}],"actionTypeId":{"category":"Deploy","version":"1","owner":"AWS","provider":"CloudFormation"},"configuration":{"StackName":"mpg-mss-generar-consolidado-pago-comercio-pre","Capabilities":"CAPABILITY_NAMED_IAM","RoleArn":"arn:aws:iam::981631255281:role/devops-deployment-role","ActionMode":"CREATE_UPDATE","TemplatePath":"Artifact_Build-Serverless_Build_Project_REL::mpg-mss-generar-consolidado-pago-comercio-pre.template.json"},"runOrder":1,"roleArn":"arn:aws:iam::981631255281:role/devops-switch-role","region":"us-east-1"}]},{"name":"Perfomance-Micro","actions":[{"name":"Integration_Micro","inputArtifacts":[{"name":"Artifact_Github-Source_Source_Github_Serverless"}],"actionTypeId":{"category":"Build","version":"1","owner":"AWS","provider":"CodeBuild"},"configuration":{"ProjectName":"bb-devops-integration-test-typescript","EnvironmentVariables":"[{\"name\":\"GROUP_CODE\",\"type\":\"PLAINTEXT\",\"value\":\"MPG\"},{\"name\":\"GROUP_TEAM\",\"type\":\"PLAINTEXT\",\"value\":\"Medios de Pago\"},{\"name\":\"ENVIAR_JIRA\",\"type\":\"PLAINTEXT\",\"value\":\"false\"},{\"name\":\"INTEGRATION_WORKDIR\",\"type\":\"PLAINTEXT\",\"value\":\"Integracion/MPG/mpg-mss-generar-consolidado-pago-comercio\"},{\"name\":\"NOTIFICATION_MAIL_TO\",\"type\":\"PLAINTEXT\",\"value\":\"aproanoa@bolivariano.com,cvalleja@bolivariano.com,cveintea@bolivariano.com,fpazming@bolivariano.com,lfloreno@bolivariano.com,lsanchez@bolivariano.com,plopez@bolivariano.com,wlopez@bolivariano.com,ysanches@bolivariano.com,ccoronec@bolivariano.com,pbajanav@bolivariano.com,csanchec@bolivariano.com\"}]"},"runOrder":1,"roleArn":"arn:aws:iam::732624442759:role/devops-serverless-executor-pipeline-rolcActnon-prod"},{"name":"Stress_Load_Micro","inputArtifacts":[{"name":"Artifact_Github-Source_Source_Github_Serverless"}],"actionTypeId":{"category":"Build","version":"1","owner":"AWS","provider":"CodeBuild"},"configuration":{"ProjectName":"bb-devops-stress-test-typescript","EnvironmentVariables":"[{\"name\":\"GROUP_CODE\",\"type\":\"PLAINTEXT\",\"value\":\"MPG\"},{\"name\":\"GROUP_TEAM\",\"type\":\"PLAINTEXT\",\"value\":\"Medios de Pago\"},{\"name\":\"ENVIAR_JIRA\",\"type\":\"PLAINTEXT\",\"value\":\"false\"},{\"name\":\"NOTIFICATION_MAIL_TO\",\"type\":\"PLAINTEXT\",\"value\":\"aproanoa@bolivariano.com,cvalleja@bolivariano.com,cveintea@bolivariano.com,fpazming@bolivariano.com,lfloreno@bolivariano.com,lsanchez@bolivariano.com,plopez@bolivariano.com,wlopez@bolivariano.com,ysanches@bolivariano.com,ccoronec@bolivariano.com,pbajanav@bolivariano.com,csanchec@bolivariano.com\"},{\"name\":\"PERFOMANCE_WORKDIR\",\"type\":\"PLAINTEXT\",\"value\":\"Rendimiento/MPG/mpg-mss-generar-consolidado-pago-comercio\"}]"},"runOrder":2,"roleArn":"arn:aws:iam::732624442759:role/devops-serverless-executor-pipeline-rolcActnon-prod"}]}],"tags":[{"key":"tipo","value":"serverless"}]}}},"Github-Source":{"id":"Github-Source","path":"cdk-mpg-mss-generar-consolidado-pago-comercio-stack/mpg-mss-generar-consolidado-pago-comercioPipeline-rel/Github-Source","constructInfo":{"fqn":"constructs.Construct","version":"10.4.2"},"children":{"Source_Github_Serverless":{"id":"Source_Github_Serverless","path":"cdk-mpg-mss-generar-consolidado-pago-comercio-stack/mpg-mss-generar-consolidado-pago-comercioPipeline-rel/Github-Source/Source_Github_Serverless","constructInfo":{"fqn":"constructs.Construct","version":"10.4.2"}}}},"Quality-Micro":{"id":"Quality-Micro","path":"cdk-mpg-mss-generar-consolidado-pago-comercio-stack/mpg-mss-generar-consolidado-pago-comercioPipeline-rel/Quality-Micro","constructInfo":{"fqn":"constructs.Construct","version":"10.4.2"},"children":{"UnitTest_TypeScript_Micro":{"id":"UnitTest_TypeScript_Micro","path":"cdk-mpg-mss-generar-consolidado-pago-comercio-stack/mpg-mss-generar-consolidado-pago-comercioPipeline-rel/Quality-Micro/UnitTest_TypeScript_Micro","constructInfo":{"fqn":"constructs.Construct","version":"10.4.2"}},"Sonar_TypeScript_Micro":{"id":"Sonar_TypeScript_Micro","path":"cdk-mpg-mss-generar-consolidado-pago-comercio-stack/mpg-mss-generar-consolidado-pago-comercioPipeline-rel/Quality-Micro/Sonar_TypeScript_Micro","constructInfo":{"fqn":"constructs.Construct","version":"10.4.2"}}}},"Build-Serverless":{"id":"Build-Serverless","path":"cdk-mpg-mss-generar-consolidado-pago-comercio-stack/mpg-mss-generar-consolidado-pago-comercioPipeline-rel/Build-Serverless","constructInfo":{"fqn":"constructs.Construct","version":"10.4.2"},"children":{"Build_Project_REL":{"id":"Build_Project_REL","path":"cdk-mpg-mss-generar-consolidado-pago-comercio-stack/mpg-mss-generar-consolidado-pago-comercioPipeline-rel/Build-Serverless/Build_Project_REL","constructInfo":{"fqn":"constructs.Construct","version":"10.4.2"}}}},"Security-Micro":{"id":"Security-Micro","path":"cdk-mpg-mss-generar-consolidado-pago-comercio-stack/mpg-mss-generar-consolidado-pago-comercioPipeline-rel/Security-Micro","constructInfo":{"fqn":"constructs.Construct","version":"10.4.2"},"children":{"Veracode_Micro":{"id":"Veracode_Micro","path":"cdk-mpg-mss-generar-consolidado-pago-comercio-stack/mpg-mss-generar-consolidado-pago-comercioPipeline-rel/Security-Micro/Veracode_Micro","constructInfo":{"fqn":"constructs.Construct","version":"10.4.2"}},"Prisma_Micro":{"id":"Prisma_Micro","path":"cdk-mpg-mss-generar-consolidado-pago-comercio-stack/mpg-mss-generar-consolidado-pago-comercioPipeline-rel/Security-Micro/Prisma_Micro","constructInfo":{"fqn":"constructs.Construct","version":"10.4.2"}}}},"Deploy-Serverless":{"id":"Deploy-Serverless","path":"cdk-mpg-mss-generar-consolidado-pago-comercio-stack/mpg-mss-generar-consolidado-pago-comercioPipeline-rel/Deploy-Serverless","constructInfo":{"fqn":"constructs.Construct","version":"10.4.2"},"children":{"Cross_Account_East_REL":{"id":"Cross_Account_East_REL","path":"cdk-mpg-mss-generar-consolidado-pago-comercio-stack/mpg-mss-generar-consolidado-pago-comercioPipeline-rel/Deploy-Serverless/Cross_Account_East_REL","constructInfo":{"fqn":"constructs.Construct","version":"10.4.2"}}}},"Perfomance-Micro":{"id":"Perfomance-Micro","path":"cdk-mpg-mss-generar-consolidado-pago-comercio-stack/mpg-mss-generar-consolidado-pago-comercioPipeline-rel/Perfomance-Micro","constructInfo":{"fqn":"constructs.Construct","version":"10.4.2"},"children":{"Integration_Micro":{"id":"Integration_Micro","path":"cdk-mpg-mss-generar-consolidado-pago-comercio-stack/mpg-mss-generar-consolidado-pago-comercioPipeline-rel/Perfomance-Micro/Integration_Micro","constructInfo":{"fqn":"constructs.Construct","version":"10.4.2"}},"Stress_Load_Micro":{"id":"Stress_Load_Micro","path":"cdk-mpg-mss-generar-consolidado-pago-comercio-stack/mpg-mss-generar-consolidado-pago-comercioPipeline-rel/Perfomance-Micro/Stress_Load_Micro","constructInfo":{"fqn":"constructs.Construct","version":"10.4.2"}}}}}},"mpg-mss-generar-consolidado-pago-comercioUnitTestProject":{"id":"mpg-mss-generar-consolidado-pago-comercioUnitTestProject","path":"cdk-mpg-mss-generar-consolidado-pago-comercio-stack/mpg-mss-generar-consolidado-pago-comercioUnitTestProject","constructInfo":{"fqn":"aws-cdk-lib.Resource","version":"2.201.0","metadata":[]}},"mpg-mss-generar-consolidado-pago-comercioQAProject":{"id":"mpg-mss-generar-consolidado-pago-comercioQAProject","path":"cdk-mpg-mss-generar-consolidado-pago-comercio-stack/mpg-mss-generar-consolidado-pago-comercioQAProject","constructInfo":{"fqn":"aws-cdk-lib.Resource","version":"2.201.0","metadata":[]}},"mpg-mss-generar-consolidado-pago-comercioSynthCdkProject-rel":{"id":"mpg-mss-generar-consolidado-pago-comercioSynthCdkProject-rel","path":"cdk-mpg-mss-generar-consolidado-pago-comercio-stack/mpg-mss-generar-consolidado-pago-comercioSynthCdkProject-rel","constructInfo":{"fqn":"aws-cdk-lib.Resource","version":"2.201.0","metadata":[]}},"mpg-mss-generar-consolidado-pago-comercioVeracodeProject":{"id":"mpg-mss-generar-consolidado-pago-comercioVeracodeProject","path":"cdk-mpg-mss-generar-consolidado-pago-comercio-stack/mpg-mss-generar-consolidado-pago-comercioVeracodeProject","constructInfo":{"fqn":"aws-cdk-lib.Resource","version":"2.201.0","metadata":[]}},"mpg-mss-generar-consolidado-pago-comercioPrismaProject":{"id":"mpg-mss-generar-consolidado-pago-comercioPrismaProject","path":"cdk-mpg-mss-generar-consolidado-pago-comercio-stack/mpg-mss-generar-consolidado-pago-comercioPrismaProject","constructInfo":{"fqn":"aws-cdk-lib.Resource","version":"2.201.0","metadata":[]}},"MutableRolempg-mss-generar-consolidado-pago-comercio-rel-deploy-role":{"id":"MutableRolempg-mss-generar-consolidado-pago-comercio-rel-deploy-role","path":"cdk-mpg-mss-generar-consolidado-pago-comercio-stack/MutableRolempg-mss-generar-consolidado-pago-comercio-rel-deploy-role","constructInfo":{"fqn":"aws-cdk-lib.Resource","version":"2.201.0","metadata":[]}},"mpg-mss-generar-consolidado-pago-comercio-rel-deploy-role":{"id":"mpg-mss-generar-consolidado-pago-comercio-rel-deploy-role","path":"cdk-mpg-mss-generar-consolidado-pago-comercio-stack/mpg-mss-generar-consolidado-pago-comercio-rel-deploy-role","constructInfo":{"fqn":"aws-cdk-lib.Resource","version":"2.201.0","metadata":[]}},"MutableRolempg-mss-generar-consolidado-pago-comercio-rel-action-role":{"id":"MutableRolempg-mss-generar-consolidado-pago-comercio-rel-action-role","path":"cdk-mpg-mss-generar-consolidado-pago-comercio-stack/MutableRolempg-mss-generar-consolidado-pago-comercio-rel-action-role","constructInfo":{"fqn":"aws-cdk-lib.Resource","version":"2.201.0","metadata":[]}},"mpg-mss-generar-consolidado-pago-comercio-rel-action-role":{"id":"mpg-mss-generar-consolidado-pago-comercio-rel-action-role","path":"cdk-mpg-mss-generar-consolidado-pago-comercio-stack/mpg-mss-generar-consolidado-pago-comercio-rel-action-role","constructInfo":{"fqn":"aws-cdk-lib.Resource","version":"2.201.0","metadata":[]},"children":{"8389e75f-0810-4838-bf64-d6f85a95cf83":{"id":"8389e75f-0810-4838-bf64-d6f85a95cf83","path":"cdk-mpg-mss-generar-consolidado-pago-comercio-stack/mpg-mss-generar-consolidado-pago-comercio-rel-action-role/8389e75f-0810-4838-bf64-d6f85a95cf83","constructInfo":{"fqn":"constructs.Construct","version":"10.4.2"}}}},"mpg-mss-generar-consolidado-pago-comercioIntegrationTestProject":{"id":"mpg-mss-generar-consolidado-pago-comercioIntegrationTestProject","path":"cdk-mpg-mss-generar-consolidado-pago-comercio-stack/mpg-mss-generar-consolidado-pago-comercioIntegrationTestProject","constructInfo":{"fqn":"aws-cdk-lib.Resource","version":"2.201.0","metadata":[]}},"mpg-mss-generar-consolidado-pago-comercioPerfomanceTestProject":{"id":"mpg-mss-generar-consolidado-pago-comercioPerfomanceTestProject","path":"cdk-mpg-mss-generar-consolidado-pago-comercio-stack/mpg-mss-generar-consolidado-pago-comercioPerfomanceTestProject","constructInfo":{"fqn":"aws-cdk-lib.Resource","version":"2.201.0","metadata":[]}},"pipeline-mpg-mss-generar-consolidado-pago-comercio-rel-out-2":{"id":"pipeline-mpg-mss-generar-consolidado-pago-comercio-rel-out-2","path":"cdk-mpg-mss-generar-consolidado-pago-comercio-stack/pipeline-mpg-mss-generar-consolidado-pago-comercio-rel-out-2","constructInfo":{"fqn":"aws-cdk-lib.CfnOutput","version":"2.201.0"}},"out-mpg-mss-generar-consolidado-pago-comercio-pipe":{"id":"out-mpg-mss-generar-consolidado-pago-comercio-pipe","path":"cdk-mpg-mss-generar-consolidado-pago-comercio-stack/out-mpg-mss-generar-consolidado-pago-comercio-pipe","constructInfo":{"fqn":"aws-cdk-lib.CfnOutput","version":"2.201.0"}},"CDKMetadata":{"id":"CDKMetadata","path":"cdk-mpg-mss-generar-consolidado-pago-comercio-stack/CDKMetadata","constructInfo":{"fqn":"constructs.Construct","version":"10.4.2"},"children":{"Default":{"id":"Default","path":"cdk-mpg-mss-generar-consolidado-pago-comercio-stack/CDKMetadata/Default","constructInfo":{"fqn":"aws-cdk-lib.CfnResource","version":"2.201.0"}}}},"BootstrapVersion":{"id":"BootstrapVersion","path":"cdk-mpg-mss-generar-consolidado-pago-comercio-stack/BootstrapVersion","constructInfo":{"fqn":"aws-cdk-lib.CfnParameter","version":"2.201.0"}},"CheckBootstrapVersion":{"id":"CheckBootstrapVersion","path":"cdk-mpg-mss-generar-consolidado-pago-comercio-stack/CheckBootstrapVersion","constructInfo":{"fqn":"aws-cdk-lib.CfnRule","version":"2.201.0"}}}},"Tree":{"id":"Tree","path":"Tree","constructInfo":{"fqn":"constructs.Construct","version":"10.4.2"}}}}}